{"cameraMode":{"drawMode":0,"name":"Shaded","section":"Shading Mode"},"sceneLighting":false,"audioPlay":false,"sceneViewState":{"m_AlwaysRefresh":false,"showFog":true,"showSkybox":true,"showFlares":true,"showImageEffects":true,"showParticleSystems":true,"showVisualEffectGraphs":true,"m_FxEnabled":true},"in2DMode":false,"pivot":{"x":130.7831573486328,"y":-1.1782571077346802,"z":130.79283142089845},"rotation":{"x":-0.001263323938474059,"y":-0.9981623888015747,"z":0.02277475968003273,"w":-0.057221971452236179},"size":0.1884007602930069,"orthographic":false}