{"cameraMode":{"drawMode":0,"name":"Shaded","section":"Shading Mode"},"sceneLighting":false,"audioPlay":false,"sceneViewState":{"m_AlwaysRefresh":false,"showFog":true,"showSkybox":true,"showFlares":true,"showImageEffects":true,"showParticleSystems":true,"showVisualEffectGraphs":true,"m_FxEnabled":true},"in2DMode":false,"pivot":{"x":137.19149780273438,"y":2.475555896759033,"z":74.19193267822266},"rotation":{"x":-0.16605496406555177,"y":0.0020388364791870119,"z":-0.00005720167973777279,"w":-0.9862130880355835},"size":1.1277904510498047,"orthographic":false}