{"cameraMode":{"drawMode":0,"name":"Shaded","section":"Shading Mode"},"sceneLighting":false,"audioPlay":false,"sceneViewState":{"m_AlwaysRefresh":false,"showFog":true,"showSkybox":true,"showFlares":true,"showImageEffects":true,"showParticleSystems":true,"showVisualEffectGraphs":true,"m_FxEnabled":true},"in2DMode":false,"pivot":{"x":135.0408172607422,"y":-1.8696798086166382,"z":129.88841247558595},"rotation":{"x":0.0007117574568837881,"y":0.9889370799064636,"z":-0.14825929701328278,"w":0.004747865255922079},"size":1.2247449159622193,"orthographic":false}