{"cameraMode":{"drawMode":0,"name":"Shaded","section":"Shading Mode"},"sceneLighting":false,"audioPlay":false,"sceneViewState":{"m_AlwaysRefresh":false,"showFog":true,"showSkybox":true,"showFlares":true,"showImageEffects":true,"showParticleSystems":true,"showVisualEffectGraphs":true,"m_FxEnabled":true},"in2DMode":false,"pivot":{"x":135.4158477783203,"y":-1.6513205766677857,"z":148.53504943847657},"rotation":{"x":0.00243236031383276,"y":0.9905406832695007,"z":-0.018149498850107194,"w":0.13660137355327607},"size":0.1884007602930069,"orthographic":false}