{"cameraMode":{"drawMode":0,"name":"Shaded","section":"Shading Mode"},"sceneLighting":false,"audioPlay":false,"sceneViewState":{"m_AlwaysRefresh":false,"showFog":true,"showSkybox":true,"showFlares":true,"showImageEffects":true,"showParticleSystems":true,"showVisualEffectGraphs":true,"m_FxEnabled":true},"in2DMode":false,"pivot":{"x":130.67881774902345,"y":-1.253218173980713,"z":166.8907928466797},"rotation":{"x":-0.033304039388895038,"y":0.008962283842265606,"z":-0.0002604181063361466,"w":-0.9994308352470398},"size":0.8660253882408142,"orthographic":false}