{"cameraMode":{"drawMode":0,"name":"Shaded","section":"Shading Mode"},"sceneLighting":false,"audioPlay":false,"sceneViewState":{"m_AlwaysRefresh":false,"showFog":true,"showSkybox":false,"showFlares":true,"showImageEffects":true,"showParticleSystems":true,"showVisualEffectGraphs":true,"m_FxEnabled":true},"in2DMode":false,"pivot":{"x":465.00494384765627,"y":141.19000244140626,"z":62.55672836303711},"rotation":{"x":-0.016934983432292939,"y":0.9684946537017822,"z":-0.0223074983805418,"w":-0.24923209846019746},"size":581.4988403320313,"orthographic":false}