{"cameraMode":{"drawMode":0,"name":"Shaded","section":"Shading Mode"},"sceneLighting":false,"audioPlay":false,"sceneViewState":{"m_AlwaysRefresh":false,"showFog":true,"showSkybox":false,"showFlares":true,"showImageEffects":true,"showParticleSystems":true,"showVisualEffectGraphs":true,"m_FxEnabled":true},"in2DMode":false,"pivot":{"x":0.36136049032211306,"y":1.571640968322754,"z":-1.6928831338882447},"rotation":{"x":0.23102016746997834,"y":0.20250579714775086,"z":-0.04930765554308891,"w":0.9502630233764648},"size":0.8660253882408142,"orthographic":false}