{"cameraMode":{"drawMode":0,"name":"Shaded","section":"Shading Mode"},"sceneLighting":false,"audioPlay":false,"sceneViewState":{"m_AlwaysRefresh":false,"showFog":true,"showSkybox":true,"showFlares":true,"showImageEffects":true,"showParticleSystems":true,"showVisualEffectGraphs":true,"m_FxEnabled":true},"in2DMode":false,"pivot":{"x":130.1755828857422,"y":-1.2052628993988038,"z":166.48948669433595},"rotation":{"x":-0.08835974335670471,"y":0.03195551410317421,"z":-0.0026144536677747967,"w":-0.9956936836242676},"size":1.1732161045074463,"orthographic":false}