{"cameraMode":{"drawMode":0,"name":"Shaded","section":"Shading Mode"},"sceneLighting":false,"audioPlay":false,"sceneViewState":{"m_AlwaysRefresh":false,"showFog":true,"showSkybox":false,"showFlares":true,"showImageEffects":true,"showParticleSystems":true,"showVisualEffectGraphs":true,"m_FxEnabled":true},"in2DMode":false,"pivot":{"x":135.44683837890626,"y":3.853878974914551,"z":70.60215759277344},"rotation":{"x":-0.09541749954223633,"y":0.9011697173118591,"z":-0.20853851735591889,"w":-0.37028151750564577},"size":0.2381865531206131,"orthographic":false}