{"cameraMode":{"drawMode":0,"name":"Shaded","section":"Shading Mode"},"sceneLighting":false,"audioPlay":false,"sceneViewState":{"m_AlwaysRefresh":false,"showFog":true,"showSkybox":true,"showFlares":true,"showImageEffects":true,"showParticleSystems":true,"showVisualEffectGraphs":true,"m_FxEnabled":true},"in2DMode":false,"pivot":{"x":134.5658721923828,"y":-2.3551695346832277,"z":128.73927307128907},"rotation":{"x":-0.3276829719543457,"y":0.46349361538887026,"z":-0.18177545070648194,"w":-0.8022221326828003},"size":0.14180728793144227,"orthographic":false}