{"cameraMode":{"drawMode":0,"name":"Shaded","section":"Shading Mode"},"sceneLighting":false,"audioPlay":false,"sceneViewState":{"m_AlwaysRefresh":false,"showFog":true,"showSkybox":true,"showFlares":true,"showImageEffects":true,"showParticleSystems":true,"showVisualEffectGraphs":true,"m_FxEnabled":false},"in2DMode":false,"pivot":{"x":141.37745666503907,"y":2.3349876403808595,"z":53.353397369384769},"rotation":{"x":-0.018330859020352365,"y":0.5630754828453064,"z":0.013521441258490086,"w":0.8260014057159424},"size":1.2869962453842164,"orthographic":false}