{"cameraMode":{"drawMode":0,"name":"Shaded","section":"Shading Mode"},"sceneLighting":false,"audioPlay":false,"sceneViewState":{"m_AlwaysRefresh":false,"showFog":true,"showSkybox":true,"showFlares":true,"showImageEffects":true,"showParticleSystems":true,"showVisualEffectGraphs":true,"m_FxEnabled":true},"in2DMode":false,"pivot":{"x":135.72006225585938,"y":-1.6124882698059083,"z":129.01719665527345},"rotation":{"x":0.013725434429943562,"y":0.9874123334884644,"z":-0.13399216532707215,"w":0.09118165075778961},"size":1.2247449159622193,"orthographic":false}