{"cameraMode":{"drawMode":0,"name":"Shaded","section":"Shading Mode"},"sceneLighting":false,"audioPlay":false,"sceneViewState":{"m_AlwaysRefresh":false,"showFog":true,"showSkybox":true,"showFlares":true,"showImageEffects":true,"showParticleSystems":true,"showVisualEffectGraphs":true,"m_FxEnabled":true},"in2DMode":false,"pivot":{"x":135.52883911132813,"y":-1.657670021057129,"z":130.38287353515626},"rotation":{"x":-0.005477105267345905,"y":0.9872419238090515,"z":-0.1628246158361435,"w":-0.030170612037181855},"size":1.005005121231079,"orthographic":false}