{"cameraMode":{"drawMode":0,"name":"Shaded","section":"Shading Mode"},"sceneLighting":false,"audioPlay":false,"sceneViewState":{"m_AlwaysRefresh":false,"showFog":true,"showSkybox":true,"showFlares":true,"showImageEffects":true,"showParticleSystems":true,"showVisualEffectGraphs":true,"m_FxEnabled":true},"in2DMode":false,"pivot":{"x":130.56365966796876,"y":-3.3187222480773927,"z":58.959930419921878},"rotation":{"x":-0.33897870779037478,"y":-0.06746745854616165,"z":0.02301064319908619,"w":-0.9385559558868408},"size":1.2247449159622193,"orthographic":false}