{"cameraMode":{"drawMode":0,"name":"Shaded","section":"Shading Mode"},"sceneLighting":false,"audioPlay":false,"sceneViewState":{"m_AlwaysRefresh":false,"showFog":true,"showSkybox":true,"showFlares":true,"showImageEffects":true,"showParticleSystems":true,"showVisualEffectGraphs":true,"m_FxEnabled":true},"in2DMode":false,"pivot":{"x":134.8345947265625,"y":3.7372612953186037,"z":68.8704833984375},"rotation":{"x":-0.00534098269417882,"y":0.9818235039710999,"z":-0.18937504291534425,"w":-0.03399668261408806},"size":0.19897891581058503,"orthographic":false}