{"cameraMode":{"drawMode":0,"name":"Shaded","section":"Shading Mode"},"sceneLighting":false,"audioPlay":false,"sceneViewState":{"m_AlwaysRefresh":false,"showFog":true,"showSkybox":true,"showFlares":true,"showImageEffects":true,"showParticleSystems":true,"showVisualEffectGraphs":true,"m_FxEnabled":true},"in2DMode":false,"pivot":{"x":135.30287170410157,"y":-3.0781843662261965,"z":129.7487030029297},"rotation":{"x":-0.0034617537166923286,"y":0.9779102802276611,"z":-0.21455995738506318,"w":0.002151257824152708},"size":1.2247449159622193,"orthographic":false}