{"cameraMode":{"drawMode":0,"name":"Shaded","section":"Shading Mode"},"sceneLighting":false,"audioPlay":false,"sceneViewState":{"m_AlwaysRefresh":false,"showFog":true,"showSkybox":true,"showFlares":true,"showImageEffects":true,"showParticleSystems":true,"showVisualEffectGraphs":true,"m_FxEnabled":true},"in2DMode":false,"pivot":{"x":132.75259399414063,"y":-2.1641602516174318,"z":121.81470489501953},"rotation":{"x":-0.0051148198544979099,"y":-0.9859732389450073,"z":0.16257061064243318,"w":-0.03136824443936348},"size":1.3453583717346192,"orthographic":false}