{"cameraMode":{"drawMode":0,"name":"Shaded","section":"Shading Mode"},"sceneLighting":false,"audioPlay":false,"sceneViewState":{"m_AlwaysRefresh":false,"showFog":true,"showSkybox":true,"showFlares":true,"showImageEffects":true,"showParticleSystems":true,"showVisualEffectGraphs":true,"m_FxEnabled":false},"in2DMode":false,"pivot":{"x":135.26785278320313,"y":-1.4173307418823243,"z":141.4636993408203},"rotation":{"x":0.004008805379271507,"y":0.9922886490821838,"z":-0.09034789353609085,"w":0.07486597448587418},"size":0.8660253882408142,"orthographic":false}