{"cameraMode":{"drawMode":0,"name":"Shaded","section":"Shading Mode"},"sceneLighting":false,"audioPlay":false,"sceneViewState":{"m_AlwaysRefresh":false,"showFog":true,"showSkybox":false,"showFlares":true,"showImageEffects":true,"showParticleSystems":true,"showVisualEffectGraphs":true,"m_FxEnabled":true},"in2DMode":false,"pivot":{"x":-5.013238430023193,"y":-2.045257568359375,"z":50.97588348388672},"rotation":{"x":0.06152382865548134,"y":0.08883845806121826,"z":-0.005534536670893431,"w":0.9941480159759522},"size":11.000200271606446,"orthographic":false}